Province,Barangay,ZIP Code
Abra,Bangued,2800
Abra,Boliney,2815
Abra,Bucloc,2817
Abra,Bucay,2805
Abra,Daguioman,2816
Abra,Danglas,2825
Abra,Dolores,2801
Abra,La Paz,2826
Abra,Lacub,2821
Abra,Lagayan,2824
Abra,Lagangilang,2802
Abra,Langiden,2807
Abra,Licuan-Baay,2819
Abra,Luba,2813
Abra,Malibcong,2820
Abra,Manabo,2810
Abra,Peñarrubia,2804
Abra,Pidigan,2806
Abra,Pilar,2812
Abra,Sal-Lapadan,2818
Abra,San Isidro,2809
Abra,San Juan,2823
Abra,San Quintin,2808
Abra,Tayum,2803
Abra,Tineg,2822
Abra,Tubo,2814
Abra,Villaviciosa,2811
Agusan del Norte,Buenavista,8601
Agusan del Norte,Butuan City,8600
Agusan del Norte,Cabadbaran,8605
Agusan del Norte,Carmen,8603
Agusan del Norte,Jabonga,8607
Agusan del Norte,Kitcharao,8609
Agusan del Norte,Las Nieves,8610
Agusan del Norte,Magallanes,8604
Agusan del Norte,Nasipit,8602
Agusan del Norte,Remedios T. Romualdez,8611
Agusan del Norte,Santiago,8608
Agusan del Norte,Tubay,8606
Agusan del Sur,Bayugan,8502
Agusan del Sur,Bunawan,8506
Agusan del Sur,Esperanza,8513
Agusan del Sur,La Paz,8508
Agusan del Sur,Loreto,8507
Agusan del Sur,Prosperidad,8500
Agusan del Sur,Rosario,8504
Agusan del Sur,San Francisco,8501
Agusan del Sur,San Luis,8511
Agusan del Sur,Sibagat,8503
Agusan del Sur,Sta. Josefa,8512
Agusan del Sur,Talacogon,8510
Agusan del Sur,Trento,8505
Agusan del Sur,Veruela,8509
Aklan,Altavas,5616
Aklan,Balete,5614
Aklan,Banga,5601
Aklan,Batan,5615
Aklan,Buruanga,5609
Aklan,Ibajay,5613
Aklan,Kalibo,5600
Aklan,Lezo,5605
Aklan,Libacao,5602
Aklan,Madalag,5603
Aklan,Makato,5611
Aklan,Malay,5608
Aklan,Malinao,5606
Aklan,Nabas,5607
Aklan,New Washington,5610
Aklan,Numancia,5604
Aklan,Tangalan,5612
Albay,Bacacay,4509
Albay,Camalig,4502
Albay,Daraga (Locsin),4501
Albay,Guinobatan,4503
Albay,Jovellar,4515
Albay,Legazpi City,4500
Albay,Libon,4507
Albay,Ligao,4504
Albay,Malilipot,4510
Albay,Malinao,4512
Albay,Manito,4514
Albay,Oas,4505
Albay,Pio Duran (Malacbalac),4516
Albay,Polangui,4506
Albay,Rapu-Rapu,4517
Albay,Sto. Domingo,4508
Albay,Tabaco,4511
Albay,Tiwi,4513
Antique,Anini-y,5717
Antique,Barbaza,5706
Antique,Belison,5701
Antique,Bugasong,5704
Antique,Caluya,5711
Antique,Culasi,5708
Antique,Hamtic,5715
Antique,Laua-an,5705
Antique,Libertad,5710
Antique,Pandan,5712
Antique,Patnongon,5702
Antique,San Jose,5700
Antique,San Remegio,5714
Antique,Sebaste,5709
Antique,Sibalom,5713
Antique,Tibiao,5707
Antique,Tobias Fornier (Dao),5716
Antique,Valderrama,5703
Apayao,Calanasan,3814
Apayao,Conner,3807
Apayao,Flora,3810
Apayao,Kabugao,3809
Apayao,Luna,3813
Apayao,Pudtol,3812
Apayao,Sta. Marcela,3811
Aurora,Baler,3200
Aurora,Casiguran,3204
Aurora,Dilasag,3205
Aurora,Dinalungan,3206
Aurora,Dingalan,3207
Aurora,Dipaculao,3203
Aurora,Maria Aurora,3202
Aurora,San Luis,3201
Basilan,Akbar,7307
Basilan,Al-Barka,7308
Basilan,Hadji Mohammad Ajul,7309
Basilan,Hadji Muhtamad,7310
Basilan,Isabela de Basilan,7300
Basilan,Lamitan,7302
Basilan,Lantawan,7301
Basilan,Maluso,7303
Basilan,Sumisip,7305
Basilan,Tabuan-Lasa,7312
Basilan,Tipo-Tipo,7304
Basilan,Tuburan,7306
Basilan,Ungkaya Pukan,7311
Bataan,Abucay,2114
Bataan,Cabcaben,2109
Bataan,Bagac,2107
Bataan,Balanga,2100
Bataan,Bataan Export Processing Zone,2106
Bataan,Dinalupihan,2110
Bataan,Hermosa,2111
Bataan,Lamao,2104
Bataan,Limay,2103
Bataan,Mariveles,2105
Bataan,Morong,2108
Bataan,Orani,2112
Bataan,Orion,2102
Bataan,Pilar,2101
Bataan,Samal,2113
Batanes,Basco,3900
Batanes,Itbayat,3905
Batanes,Ivana,3902
Batanes,Mahatao,3901
Batanes,Sabtang,3904
Batanes,Uyugan,3903
Batangas,Agoncillo,4211
Batangas,Alitagtag,4205
Batangas,Balayan,4213
Batangas,Balete,4219
Batangas,Batangas City,4200
Batangas,Bauan,4201
Batangas,Calaca,4212
Batangas,Calatagan,4215
Batangas,Cuenca,4222
Batangas,Fernando Airbase,4218
Batangas,Ibaan,4230
Batangas,Laurel,4221
Batangas,Lemery,4209
Batangas,Lian,4216
Batangas,Lipa City,4217
Batangas,Lobo,4229
Batangas,Mabini,4202
Batangas,Malvar,4233
Batangas,Mataas na Kahoy,4223
Batangas,Nasugbu,4231
Batangas,Padre Garcia,4224
Batangas,Rosario,4225
Batangas,San Jose,4227
Batangas,San Juan,4226
Batangas,San Luis,4210
Batangas,San Nicolas,4207
Batangas,San Pascual,4204
Batangas,Sta. Teresita,4206
Batangas,Sto. Tomas,4234
Batangas,Taal,4208
Batangas,Talisay,4220
Batangas,Tanauan,4232
Batangas,Taysan,4228
Batangas,Tingloy,4203
Batangas,Tuy,4214
Benguet,Atok,2612
Benguet,Baguio City,2600
Benguet,Bakun,2610
Benguet,Bokod,2605
Benguet,Bugias,2607
Benguet,Itogon,2604
Benguet,Kabayan,2606
Benguet,Kapangan,2613
Benguet,Kibungan,2611
Benguet,La Trinidad,2601
Benguet,Lepanto,2609
Benguet,Mankayan,2608
Benguet,Philippine Military Academy (PMA),2602
Benguet,Sablan,2614
Benguet,Tuba,2603
Benguet,Tublay,2615
Biliran,Almeria,6544
Biliran,Biliran,6549
Biliran,Cabucgayan,6550
Biliran,Caibiran,6548
Biliran,Culaba,6547
Biliran,Kawayan,6545
Biliran,Maripipi,6546
Biliran,Naval,6543
Bohol,Alburquerque,6302
Bohol,Alicia,6314
Bohol,Anda,6311
Bohol,Antequera,6335
Bohol,Baclayon,6301
Bohol,Balilihan,6342
Bohol,Batuan,6318
Bohol,Bien Unido,6326
Bohol,Bilar,6317
Bohol,Buenavista,6333
Bohol,Calape,6328
Bohol,Candijay,6312
Bohol,Carmen,6319
Bohol,Catigbian,6343
Bohol,Clarin,6330
Bohol,Corella,6337
Bohol,Cortes,6341
Bohol,Dagohoy,6322
Bohol,Danao,6344
Bohol,Dauis,6339
Bohol,Dimiao,6305
Bohol,Duero,6309
Bohol,Garcia Hernandez,6307
Bohol,Guindulman,6310
Bohol,Inabanga,6332
Bohol,Jagna,6308
Bohol,Jetafe,6334
Bohol,Lila,6304
Bohol,Loay,6303
Bohol,Loboc,6316
Bohol,Loon,6327
Bohol,Mabini,6313
Bohol,Maribojoc,6336
Bohol,Panglao,6340
Bohol,Pilar,6321
Bohol,President Carlos P. Garcia,6346
Bohol,Sagbayan,6331
Bohol,San Isidro,6345
Bohol,San Miguel,6323
Bohol,Sevilla,6347
Bohol,Sierra Bullones,6320
Bohol,Sikatuna,6338
Bohol,Tagbilaran City,6300
Bohol,Talibon,6325
Bohol,Trinidad,6324
Bohol,Tubigon,6329
Bohol,Ubay,6315
Bohol,Valencia,6306
Bukidnon,Baungon,8707
Bukidnon,Cabanglasan,8723
Bukidnon,Damulog,8721
Bukidnon,Dangcagan,8719
Bukidnon,Don Carlos,8712
Bukidnon,Impasugong,8702
Bukidnon,Kadingilan,8713
Bukidnon,Kalilangan,8718
Bukidnon,Kibawe,8720
Bukidnon,Kitaotao,8716
Bukidnon,Lantapan,8722
Bukidnon,Libona,8706
Bukidnon,Malaybalay,8700
Bukidnon,Malitbog,8704
Bukidnon,Manolo Fortich,8703
Bukidnon,Maramag,8714
Bukidnon,Musuan,8710
Bukidnon,Pangantucan,8717
Bukidnon,Phillips,8705
Bukidnon,Quezon,8715
Bukidnon,San Fernando,8711
Bukidnon,Sumilao,8701
Bukidnon,Talakag,8708
Bukidnon,Valencia,8709
Bulacan,Angat,3012
Bulacan,Balagtas,3016
Bulacan,Baliuag,3006
Bulacan,Bocaue,3018
Bulacan,Bulacan,3017
Bulacan,Bustos,3007
Bulacan,Calumpit,3003
Bulacan,Cruz na Daan,3025
Bulacan,Doña Remedios Trinidad,3009
Bulacan,Guiguinto,3015
Bulacan,Hagonoy,3002
Bulacan,Malolos,3000
Bulacan,Marilao,3019
Bulacan,Meycauayan,3020
Bulacan,Norzagaray,3013
Bulacan,Obando,3021
Bulacan,Pandi,3014
Bulacan,Paombong,3001
Bulacan,Plaridel,3004
Bulacan,Pulilan,3005
Bulacan,San Ildefonso,3010
Bulacan,San Jose Del Monte,3023
Bulacan,San Miguel,3011
Bulacan,San Rafael,3008
Bulacan,Sapang Palay,3024
Bulacan,Sta. Maria,3022
Cagayan,Abulug,3517
Cagayan,Alcala,3507
Cagayan,Allacapan,3523
Cagayan,Amulung,3505
Cagayan,Aparri,3515
Cagayan,Baggao,3506
Cagayan,Ballesteros,3516
Cagayan,Buguey,3511
Cagayan,Calayan,3520
Cagayan,Camalaniugan,3510
Cagayan,Claveria,3519
Cagayan,Enrile,3501
Cagayan,Gattaran,3508
Cagayan,Gonzaga,3513
Cagayan,Iguig,3504
Cagayan,Lal-lo,3509
Cagayan,Lasam,3524
Cagayan,Pamplona,3522
Cagayan,Peñablanca,3502
Cagayan,Piat,3527
Cagayan,Rizal,3526
Cagayan,Sanchez Mira,3518
Cagayan,Solana,3503
Cagayan,Sta. Ana,3514
Cagayan,Sta. Praxedes,3521
Cagayan,Sta. Teresita,3512
Cagayan,Sto. Niño,3525
Cagayan,Tuao,3528
Cagayan,Tuguegarao City,3500
Camarines Norte,Basud,4608
Camarines Norte,Capalonga,4607
Camarines Norte,Daet,4600
Camarines Norte,San Lorenzo Ruiz (formerly Imelda),4610
Camarines Norte,Jose Panganiban,4606
Camarines Norte,Labo,4604
Camarines Norte,Mercedes,4601
Camarines Norte,Paracale,4605
Camarines Norte,San Vicente,4609
Camarines Norte,Sta. Elena,4611
Camarines Norte,Talisay,4602
Camarines Norte,Tulay na Lupa,4612
Camarines Norte,Vinzons,4603
Camarines Sur,Baao,4432
Camarines Sur,Balatan,4436
Camarines Sur,Bato,4435
Camarines Sur,Bombon,4404
Camarines Sur,Buhi,4433
Camarines Sur,Bula,4430
Camarines Sur,Cabusao,4406
Camarines Sur,Calabanga,4405
Camarines Sur,Camaligan,4401
Camarines Sur,Canaman,4402
Camarines Sur,Caramoan,4429
Camarines Sur,Del Gallego,4411
Camarines Sur,Gainza,4412
Camarines Sur,Garchitorena,4428
Camarines Sur,Goa,4422
Camarines Sur,Iriga City,4431
Camarines Sur,Lagonoy,4425
Camarines Sur,Libmanan,4407
Camarines Sur,Lupi,4409
Camarines Sur,Magarao,4403
Camarines Sur,Milaor,4413
Camarines Sur,Minalabac,4414
Camarines Sur,Nabua,4434
Camarines Sur,Naga City,4400
Camarines Sur,Ocampo,4419
Camarines Sur,Pamplona,4416
Camarines Sur,Pasacao,4417
Camarines Sur,Pili,4418
Camarines Sur,Presentacion,4424
Camarines Sur,Ragay,4410
Camarines Sur,Sagnay,4421
Camarines Sur,San Fernando,4415
Camarines Sur,San Jose,4423
Camarines Sur,Sipocot,4408
Camarines Sur,Siruma,4427
Camarines Sur,Tigaon,4420
Camarines Sur,Tinambac,4426
Camiguin,Catarman,9104
Camiguin,Guinsiliban,9102
Camiguin,Mahinog,9101
Camiguin,Mambajao,9100
Camiguin,Sagay,9103
Capiz,Cuartero,5811
Capiz,Dao,5810
Capiz,Dumalag,5813
Capiz,Dumarao,5812
Capiz,Ivisan,5805
Capiz,Jamindan,5808
Capiz,Ma-ayon,5809
Capiz,Mambusao,5807
Capiz,Panay,5801
Capiz,Panitan,5815
Capiz,Pilar,5804
Capiz,Pres. Roxas,5803
Capiz,Pontevedra,5802
Capiz,Roxas City,5800
Capiz,Sapian,5806
Capiz,Sigma,5816
Capiz,Tapaz,5814
Catanduanes,Bagamanoc,4807
Catanduanes,Baras,4803
Catanduanes,Bato,4801
Catanduanes,Caramoran,4808
Catanduanes,Gigmoto,4804
Catanduanes,Pandan,4809
Catanduanes,Panganiban,4806
Catanduanes,San Andres,4810
Catanduanes,San Miguel,4802
Catanduanes,Viga,4805
Catanduanes,Virac,4800
Cavite,1st Cavite Industrial Estate,4126
Cavite,Alfonso,4123
Cavite,Amadeo,4119
Cavite,Bacoor,4102
Cavite,Carmona,4116
Cavite,Cavite City,4100
Cavite,Cavite Naval Base,4101
Cavite,Corregidor,4125
Cavite,Dasmariñas,4114
Cavite,Dasmariñas Resettlement Area,4115
Cavite,Gen. Aguinaldo (Bailen),4124
Cavite,Gen. Mariano Alvarez,4117
Cavite,Gen. Trias,4107
Cavite,Imus,4103
Cavite,Indang,4122
Cavite,Kawit,4104
Cavite,Magallanes,4113
Cavite,Maragondon,4112
Cavite,Mendez,4121
Cavite,Molino,4135
Cavite,Naic,4110
Cavite,Noveleta,4105
Cavite,Rosario,4106
Cavite,Silang,4118
Cavite,Tagaytay,4120
Cavite,Tanza,4108
Cavite,Ternate,4111
Cavite,Trece Martirez City,4109
Cebu,Alcantara,6033
Cebu,Alcoy,6023
Cebu,Alegria,6030
Cebu,Aloguinsan,6040
Cebu,Argao,6021
Cebu,Asturias,6042
Cebu,Badian,6031
Cebu,Balamban,6041
Cebu,Bantayan,6052
Cebu,Barili,6036
Cebu,Bogo,6010
Cebu,Boljoon,6024
Cebu,Borbon,6008
Cebu,Carcar,6019
Cebu,Carmen,6005
Cebu,Catmon,6006
Cebu,Cebu City,6000
Cebu,Compostela,6003
Cebu,Consolacion,6001
Cebu,Cordova,6017
Cebu,Daang-Bantayan,6013
Cebu,Dalaguete,6022
Cebu,Danao City,6004
Cebu,Dumanjug,6035
Cebu,Ginatilan,6028
Cebu,Lapu-Lapu City,6015
Cebu,Liloan,6002
Cebu,Mactan Airport,6016
Cebu,Madridejos,6053
Cebu,Malabuyoc,6029
Cebu,Mandaue City,6014
Cebu,Medellin,6012
Cebu,Minglanilla,6046
Cebu,Moalboal,6032
Cebu,Naga,6037
Cebu,Oslob,6025
Cebu,Pilar,6048
Cebu,Pinamungajan,6039
Cebu,Poro,6049
Cebu,Ronda,6034
Cebu,Samboan,6027
Cebu,San Fernando,6018
Cebu,San Francisco,6050
Cebu,San Remegio,6011
Cebu,Santa Fe,6047
Cebu,Santander,6026
Cebu,Sibonga,6020
Cebu,Sogod,6007
Cebu,Tabogon,6009
Cebu,Tabuelan,6044
Cebu,Talisay,6045
Cebu,Toledo City,6038
Cebu,Tuburan,6043
Cebu,Tudela,6051
Davao de Oro (Compostela Valley),Compostela,8803
Davao de Oro (Compostela Valley),Laak (formerly San Vicente),8810
Davao de Oro (Compostela Valley),Mabini,8807
Davao de Oro (Compostela Valley),Maco,8806
Davao de Oro (Compostela Valley),Maragusan (formerly San Mariano),8808
Davao de Oro (Compostela Valley),Mawab,8802
Davao de Oro (Compostela Valley),Monkayo,8805
Davao de Oro (Compostela Valley),Montevista,8801
Davao de Oro (Compostela Valley),Nabunturan,8800
Davao de Oro (Compostela Valley),New Bataan,8804
Davao de Oro (Compostela Valley),Pantukan,8809
Davao del Norte,Asuncion (formerly Saug),8102
Davao del Norte,Babak,8118
Davao del Norte,Braulio E. Dujali,8106
Davao del Norte,Carmen,8101
Davao del Norte,Kapalong,8113
Davao del Norte,Kaputian,8120
Davao del Norte,New Corella,8104
Davao del Norte,Panabo,8105
Davao del Norte,Samal,8119
Davao del Norte,San Isidro,8121
Davao del Norte,Santo Tomas,8112
Davao del Norte,Tagum,8100
Davao del Norte,Talaingod,8107
Davao del Sur,Ateneo,8016
Davao del Sur,Bansalan,8005
Davao del Sur,Bunawan,8017
Davao del Sur,Calinan,8018
Davao del Sur,Davao City,8000
Davao del Sur,Davao International Airport,8019
Davao del Sur,Digos,8002
Davao del Sur,Hagonoy,8006
Davao del Sur,Kiblawan,8008
Davao del Sur,Magsaysay,8004
Davao del Sur,Malalag,8010
Davao del Sur,Mandug,8020
Davao del Sur,Matanao,8003
Davao del Sur,Matina,8021
Davao del Sur,Mintal,8022
Davao del Sur,Padada,8007
Davao del Sur,Santa Cruz,8001
Davao del Sur,Sulop,8009
Davao del Sur,Talomo,8023
Davao del Sur,Tibungco,8024
Davao del Sur,Toril,8025
Davao del Sur,University of Mindanao,8026
Davao Occidental,Don Marcelino,8013
Davao Occidental,Jose Abad Santos,8014
Davao Occidental,Malita,8012
Davao Occidental,Santa Maria,8011
Davao Occidental,Sarangani,8015
Davao Oriental,Baganga,8204
Davao Oriental,Banaybanay,8208
Davao Oriental,Boston,8206
Davao Oriental,Caraga,8203
Davao Oriental,Cateel,8205
Davao Oriental,Gov. Generoso,8210
Davao Oriental,Lupon,8207
Davao Oriental,Manay,8202
Davao Oriental,Mati,8200
Davao Oriental,San Isidro,8209
Davao Oriental,Tarragona,8201
Dinagat Islands,Basilisa (formerly Rizal),8413
Dinagat Islands,Cagdianao,8411
Dinagat Islands,Dinagat,8412
Dinagat Islands,Libjo (formerly Albor),8414
Dinagat Islands,Loreto,8415
Dinagat Islands,San Jose,8427
Dinagat Islands,Tubajon,8426
Eastern Samar,Arteche,6822
Eastern Samar,Balangiga,6812
Eastern Samar,Balangkayan,6801
Eastern Samar,Borongan,6800
Eastern Samar,Can-Avid,6806
Eastern Samar,Dolores,6817
Eastern Samar,Gen. MacArthur,6805
Eastern Samar,Giporlos,6811
Eastern Samar,Guiuan,6809
Eastern Samar,Hernani,6804
Eastern Samar,Jipapad,6819
Eastern Samar,Lawaan,6813
Eastern Samar,Llorente,6803
Eastern Samar,Maslog,6820
Eastern Samar,Maydolong,6802
Eastern Samar,Mercedes,6808
Eastern Samar,Oras,6818
Eastern Samar,Quinapondan,6810
Eastern Samar,Salcedo,6807
Eastern Samar,San Julian,6814
Eastern Samar,San Policarpio,6821
Eastern Samar,Sulat,6815
Eastern Samar,Taft,6816
Guimaras,Buenavista,5044
Guimaras,Jordan,5045
Guimaras,Nueva Valencia,5046
Guimaras,San Lorenzo,5047
Guimaras,Sibunag,5048
Ifugao,Aguinaldo,3606
Ifugao,Asipulo,3610
Ifugao,Banaue,3601
Ifugao,Hingyon,3607
Ifugao,Hungduan,3603
Ifugao,Kiangan,3604
Ifugao,Lagawe,3600
Ifugao,Lamut,3605
Ifugao,Mayoyao,3602
Ifugao,Potia,3608
Ifugao,Tinoc,3609
Ilocos Norte,Adams,2922
Ilocos Norte,Bacarra,2916
Ilocos Norte,Badoc,2904
Ilocos Norte,Bangui,2920
Ilocos Norte,Batac,2906
Ilocos Norte,Burgos,2918
Ilocos Norte,Carasi,2911
Ilocos Norte,Currimao,2903
Ilocos Norte,Dingras,2913
Ilocos Norte,Dumalneg,2921
Ilocos Norte,Espiritu,2908
Ilocos Norte,Laoag City,2900
Ilocos Norte,Marcos,2907
Ilocos Norte,Nueva Era,2909
Ilocos Norte,Pagudpud,2919
Ilocos Norte,Paoay,2902
Ilocos Norte,Pasuquin,2917
Ilocos Norte,Piddig,2912
Ilocos Norte,Pinili,2905
Ilocos Norte,San Nicolas,2901
Ilocos Norte,Sarrat,2914
Ilocos Norte,Solsona,2910
Ilocos Norte,Vintar,2915
Ilocos Sur,Alilem,2716
Ilocos Sur,Banayoyo,2708
Ilocos Sur,Bantay,2727
Ilocos Sur,Burgos,2724
Ilocos Sur,Cabugao,2732
Ilocos Sur,Candon,2710
Ilocos Sur,Caoayan,2702
Ilocos Sur,Cervantes,2718
Ilocos Sur,Galimuyod,2709
Ilocos Sur,Gregorio del Pilar,2720
Ilocos Sur,Lidlida,2723
Ilocos Sur,Magsingal,2730
Ilocos Sur,Nagbukel,2725
Ilocos Sur,Narvacan,2704
Ilocos Sur,Quirino,2721
Ilocos Sur,Salcedo,2711
Ilocos Sur,San Emilio,2722
Ilocos Sur,San Esteban,2706
Ilocos Sur,San Ildefonso,2728
Ilocos Sur,San Juan,2731
Ilocos Sur,San Vicente,2726
Ilocos Sur,Santa,2703
Ilocos Sur,Santa Catalina,2701
Ilocos Sur,Santa Cruz,2713
Ilocos Sur,Santa Lucia,2712
Ilocos Sur,Santa Maria,2705
Ilocos Sur,Santiago,2707
Ilocos Sur,Santo Domingo,2729
Ilocos Sur,Sigay,2719
Ilocos Sur,Sinait,2733
Ilocos Sur,Sugpon,2717
Ilocos Sur,Suyo,2715
Ilocos Sur,Tagudin,2714
Ilocos Sur,Vigan,2700
Iloilo,Ajuy,5012
Iloilo,Alimodian,5028
Iloilo,Anilao,5009
Iloilo,Badiangan,5033
Iloilo,Balasan,5018
Iloilo,Banate,5010
Iloilo,Barotac Nuevo,5007
Iloilo,Barotac Viejo,5011
Iloilo,Batad,5016
Iloilo,Bingawan,5041
Iloilo,Cabatuan,5031
Iloilo,Calinog,5040
Iloilo,Carles,5019
Iloilo,Concepcion,5013
Iloilo,Dingle,5035
Iloilo,Dueñas,5038
Iloilo,Dumangas,5006
Iloilo,Estancia,5017
Iloilo,Guimbal,5022
Iloilo,Igbaras,5029
Iloilo,Iloilo City,5000
Iloilo,Janiuay,5034
Iloilo,Lambunao,5042
Iloilo,Leganes,5003
Iloilo,Lemery,5043
Iloilo,Leon,5026
Iloilo,Maasin,5030
Iloilo,Miagao,5023
Iloilo,Mina,5032
Iloilo,New Lucena,5005
Iloilo,Oton,5020
Iloilo,Passi,5037
Iloilo,Pavia,5001
Iloilo,Pototan,5008
Iloilo,San Dionisio,5015
Iloilo,San Enrique,5036
Iloilo,San Joaquin,5024
Iloilo,San Miguel,5025
Iloilo,San Rafael,5039
Iloilo,Santa Barbara,5002
Iloilo,Sara,5014
Iloilo,Tigbauan,5021
Iloilo,Tubungan,5027
Iloilo,Zarraga,5004
Isabela,Alicia,3306
Isabela,Angadanan,3307
Isabela,Aurora,3316
Isabela,Benito Soliven,3331
Isabela,Burgos,3322
Isabela,Cabagan,3328
Isabela,Cabatuan,3315
Isabela,City of Cauayan,3305
Isabela,City of Ilagan,3300
Isabela,Cordon,3312
Isabela,Delfin Albano,3326
Isabela,Dinapigue,3336
Isabela,Divilacan,3335
Isabela,Echague,3309
Isabela,Gamu,3301
Isabela,Jones,3313
Isabela,Luna,3304
Isabela,Maconacon,3333
Isabela,Mallig,3323
Isabela,Naguillan,3302
Isabela,Palanan,3334
Isabela,Quezon,3324
Isabela,Quirino,3321
Isabela,Ramon,3319
Isabela,Reina Mercedes,3303
Isabela,Roxas,3320
Isabela,San Agustin,3314
Isabela,San Guillermo,3308
Isabela,San Isidro,3310
Isabela,San Manuel,3317
Isabela,San Mariano,3332
Isabela,San Mateo,3318
Isabela,San Pablo,3329
Isabela,Santiago CIty,3311
Isabela,Sta. Maria,3330
Isabela,Sto. Tomas,3327
Isabela,Tumauini,3325
Kalinga,Balbalan,3801
Kalinga,Lubuagan,3802
Kalinga,Pasil,3803
Kalinga,Pinukpok,3806
Kalinga,Rizal,3808
Kalinga,Tabuk City,3800
Kalinga,Tanudan,3805
Kalinga,Tinglayan,3804
La Union,Agoo,2504
La Union,Aringay,2503
La Union,Bacnotan,2515
La Union,Bagulin,2512
La Union,Balaoan,2517
La Union,Bangar,2519
La Union,Bauang,2501
La Union,Burgos,2510
La Union,Caba,2502
La Union,Damortis,2507
La Union,Luna,2518
La Union,Naguilian,2511
La Union,Pugo,2508
La Union,Rosario,2506
La Union,San Fernando,2500
La Union,San Gabriel,2513
La Union,San Juan,2514
La Union,Santol,2516
La Union,Sto. Tomas,2505
La Union,Sudipen,2520
La Union,Tubao,2509
Laguna,Alaminos,4001
Laguna,Bay,4033
Laguna,Biñan,4024
Laguna,Botocan,4006
Laguna,Cabuyao,4025
Laguna,Calamba,4027
Laguna,Caluan,4012
Laguna,Camp Vicente Lim,4029
Laguna,Canlubang,4028
Laguna,Cavinti,4013
Laguna,College Los Baños,4031
Laguna,Famy,4021
Laguna,Kalayaan,4015
Laguna,Laguna Technopark,4034
Laguna,Liliw,4004
Laguna,Los Baños,4030
Laguna,Luisiana,4032
Laguna,Lumban,4014
Laguna,Mabitac,4020
Laguna,Magdalena,4007
Laguna,Majayjay,4005
Laguna,Nagcarlan,4002
Laguna,Paete,4016
Laguna,Pagsanjan,4008
Laguna,Pakil,4017
Laguna,Pangil,4018
Laguna,Pila,4010
Laguna,Rizal,4003
Laguna,San Pablo City,4000
Laguna,San Pedro,4023
Laguna,Siniloan,4019
Laguna,Sta. Cruz,4009
Laguna,Sta. Maria,4022
Laguna,Sta. Rosa,4026
Laguna,Victoria,4011
Lanao del Norte,Bacolod,9205
Lanao del Norte,Baloi,9217
Lanao del Norte,Baroy,9210
Lanao del Norte,Iligan City,9200
Lanao del Norte,Kapatagan,9214
Lanao del Norte,Kauswagan,9202
Lanao del Norte,Kolambugan,9207
Lanao del Norte,Lala,9211
Lanao del Norte,Linamon,9201
Lanao del Norte,Magsaysay,9221
Lanao del Norte,Maigo,9206
Lanao del Norte,Matungao,9203
Lanao del Norte,Munai,9219
Lanao del Norte,Nunungan,9216
Lanao del Norte,Pantao Ragat,9208
Lanao del Norte,Pantar,9218
Lanao del Norte,Poona Piagapo,9204
Lanao del Norte,Salvador,9212
Lanao del Norte,Sapad,9213
Lanao del Norte,Sultan Naga Dimaporo (formerly Karomatan),9215
Lanao del Norte,Tagoloan,9222
Lanao del Norte,Tangcal,9220
Lanao del Norte,Tubod,9209
Lanao del Sur,Bacolod Grande,9316
Lanao del Sur,Balabagan,9302
Lanao del Sur,Bayang,9309
Lanao del Sur,Balindong,9318
Lanao del Sur,Binidayan,9310
Lanao del Sur,Buadiposo Buntong,9714
Lanao del Sur,Bubong,9708
Lanao del Sur,Bumbaran,9320
Lanao del Sur,Butig,9305
Lanao del Sur,Calanogas,9319
Lanao del Sur,Ganassi,9311
Lanao del Sur,Kapai,9709
Lanao del Sur,Kapatagan,9322
Lanao del Sur,Lumba Bayabao,9703
Lanao del Sur,Lumbaca Unayan,9323
Lanao del Sur,Lumbatan,9307
Lanao del Sur,Lumbayanague,9306
Lanao del Sur,Macador Andong,9308
Lanao del Sur,Madalum,9315
Lanao del Sur,Madamba,9314
Lanao del Sur,Maguing,9715
Lanao del Sur,Malabang,9300
Lanao del Sur,Marantao,9711
Lanao del Sur,Marawi City,9700
Lanao del Sur,Marogong,9303
Lanao del Sur,Masiu,9706
Lanao del Sur,Mulondo,9702
Lanao del Sur,Pagayawan,9312
Lanao del Sur,Piagapo,9710
Lanao del Sur,Picong (formerly Sultan Gumander),9301
Lanao del Sur,Poona Bayabao,9705
Lanao del Sur,Pualas,9313
Lanao del Sur,Ramain-Ditsaan,9713
Lanao del Sur,Saguiaran,9701
Lanao del Sur,Sultan Domalondong,9324
Lanao del Sur,Sultan Gumander,9301
Lanao del Sur,Tagoloan - II,9321
Lanao del Sur,Tamparan,9704
Lanao del Sur,Taraka,9712
Lanao del Sur,Tubaran,9304
Lanao del Sur,Tugaya,9317
Lanao del Sur,Wao,9716
Leyte,Abuyog,6510
Leyte,Alangalang,6517
Leyte,Albuera,6542
Leyte,Babatngon,6520
Leyte,Burauen,6516
Leyte,Barugo,6519
Leyte,Bato,6525
Leyte,Baybay,6521
Leyte,Calubian,6534
Leyte,Capoocan,6530
Leyte,Carigara,6529
Leyte,Dagami,6515
Leyte,Dulag,6505
Leyte,Hilongos,6524
Leyte,Hindang,6523
Leyte,Inopacan,6522
Leyte,Isabel,6539
Leyte,Jaro,6527
Leyte,Javier,6511
Leyte,Julita,6506
Leyte,Kananga,6531
Leyte,La Paz,6508
Leyte,Leyte,6533
Leyte,Macarthur,6509
Leyte,Mahaplag,6512
Leyte,Matag-ob,6532
Leyte,Matalom,6526
Leyte,Mayorga,6507
Leyte,Merida,6540
Leyte,Ormoc City,6541
Leyte,Palo,6501
Leyte,Palompon,6538
Leyte,Pastrana,6514
Leyte,San Isidro,6535
Leyte,San Miguel,6518
Leyte,Sta. Fe,6513
Leyte,Tabango,6536
Leyte,Tabontabon,6504
Leyte,Tacloban City,6500
Leyte,Tanauan,6502
Leyte,Tolosa,6503
Leyte,Tunga,6528
Leyte,Villaba,6537
Maguindanao,Ampatuan,9609
Maguindanao,Barira,9614
Maguindanao,Buldon,9615
Maguindanao,Buluan,9616
Maguindanao,Cotabato City,9600
Maguindanao,Datu Odin Sinsuat (Dinaig),9601
Maguindanao,Datu Paglas,9617
Maguindanao,Datu Piang,9607
Maguindanao,Datu Abdullah Sangki,9621
Maguindanao,Datu Anggal Midtimbang,9622
Maguindanao,Datu Blah T. Sinsuat,9623
Maguindanao,Datu Hoffer Ampatuan,9624
Maguindanao,Datu Montawal (formerly Pagagawan),9631
Maguindanao,Datu Salibo,9625
Maguindanao,Datu Saudi-Ampatuan,9626
Maguindanao,Datu Unsay,9627
Maguindanao,General Salipada K. Pendatun,9618
Maguindanao,Guindulungan,9628
Maguindanao,Kabuntulan,9606
Maguindanao,Shariff Aguak (formerly Maganoy),9608
Maguindanao,Mamasapano,9629
Maguindanao,Mangudadatu,9620
Maguindanao,Matanog,9613
Maguindanao,Northern Kabuntalan,9630
Maguindanao,Paglat,9632
Maguindanao,Pandag,9633
Maguindanao,Pagalungan,9610
Maguindanao,Parang,9604
Maguindanao,Rajah Buayan,9634
Maguindanao,Shariff Saydona Mustapha,9635
Maguindanao,Sultan Mastura,9636
Maguindanao,Sultan Sumagka (formerly Talitay),9637
Maguindanao,South Upi,9603
Maguindanao,Sultan Kudarat,9605
Maguindanao,Sultan Sa Barongis,9611
Maguindanao,Talayan,9612
Maguindanao,Upi,9602
Marinduque,Boac,4900
Marinduque,Buenavista,4904
Marinduque,Gasan,4905
Marinduque,Mogpog,4901
Marinduque,Sta. Cruz,4902
Marinduque,Torrijos,4903
Masbate,Aroroy,5414
Masbate,Baleno,5413
Masbate,Balud,5412
Masbate,Batuan,5415
Masbate,Buenavista,5421
Masbate,Cataingan,5405
Masbate,Cawayan,5409
Masbate,Claveria,5419
Masbate,Dimasalang,5403
Masbate,Esperanza,5407
Masbate,Mandaon,5411
Masbate,Masbate,5400
Masbate,Milagros,5410
Masbate,Mobo,5401
Masbate,Monreal,5418
Masbate,Palanas,5404
Masbate,Pio V. Corpuz,5406
Masbate,Placer,5408
Masbate,San Fernando,5416
Masbate,San Jacinto,5417
Masbate,San Pascual,5420
Masbate,Uson,5402
Misamis Occidental,Aloran,7206
Misamis Occidental,Baliangao,7211
Misamis Occidental,Bonifacio,7215
Misamis Occidental,Calamba,7210
Misamis Occidental,Clarin,7201
Misamis Occidental,Concepcion,7213
Misamis Occidental,Don Victoriano Chiongbian,7216
Misamis Occidental,Jimenez,7204
Misamis Occidental,Lopez Jaena,7208
Misamis Occidental,Oroquieta City,7207
Misamis Occidental,Ozamis City,7200
Misamis Occidental,Panaon,7205
Misamis Occidental,Plaridel,7209
Misamis Occidental,Sapang dalaga,7212
Misamis Occidental,Sinacaban,7203
Misamis Occidental,Tangub City,7214
Misamis Occidental,Tudela,7202
Misamis Oriental,Alubijid,9018
Misamis Oriental,Balingasag,9005
Misamis Oriental,Balingoan,9011
Misamis Oriental,Binuangan,9008
Misamis Oriental,Cagayan de Oro City,9000
Misamis Oriental,Claveria,9004
Misamis Oriental,El Salvador,9017
Misamis Oriental,Gingoog City,9014
Misamis Oriental,Gitagum,9020
Misamis Oriental,Initao,9022
Misamis Oriental,Jasaan,9003
Misamis Oriental,Kinoguitan,9010
Misamis Oriental,Laguindingan,9019
Misamis Oriental,Lagonglong,9006
Misamis Oriental,Libertad,9021
Misamis Oriental,Lugait,9025
Misamis Oriental,Magsaysay,9015
Misamis Oriental,Manticao,9024
Misamis Oriental,Medina,9013
Misamis Oriental,Naawan,9023
Misamis Oriental,Opol,9016
Misamis Oriental,Salay,9007
Misamis Oriental,Sugbongcogon,9009
Misamis Oriental,Tagoloan,9001
Misamis Oriental,Talisayan,9012
Misamis Oriental,Villanueva,9002
Mountain Province,Barlig,2623
Mountain Province,Baukod,2621
Mountain Province,Besao,2618
Mountain Province,Bontoc,2616
Mountain Province,Natonin,2624
Mountain Province,Paracelis,2625
Mountain Province,Sabangan,2622
Mountain Province,Sadanga,2617
Mountain Province,Sagada,2619
Mountain Province,Tadian,2620
Negros Occidental,Bacolod City,6100
Negros Occidental,Bago City,6101
Negros Occidental,Binalbagan,6107
Negros Occidental,Cadiz City,6121
Negros Occidental,Calatrava,6126
Negros Occidental,Candoni,6110
Negros Occidental,Cauayan,6112
Negros Occidental,Don Salvador Benedicto,6133
Negros Occidental,Enrique Magalona,6118
Negros Occidental,Escalante,6124
Negros Occidental,Himamaylan,6108
Negros Occidental,Hinigaran,6106
Negros Occidental,Hinoba-an,6114
Negros Occidental,Ilog,6109
Negros Occidental,Isabela,6128
Negros Occidental,Kabankalan,6111
Negros Occidental,La Carlota City,6130
Negros Occidental,La Castellana,6131
Negros Occidental,Manapla,6120
Negros Occidental,Moises Padilla,6132
Negros Occidental,Murcia,6129
Negros Occidental,Paraiso (Fabrica),6123
Negros Occidental,Pontevedra,6105
Negros Occidental,Pulupandan,6102
Negros Occidental,Sagay,6122
Negros Occidental,San Carlos City,6127
Negros Occidental,San Enrique,6104
Negros Occidental,Silay City,6116
Negros Occidental,Silay Hawaiian Central,6117
Negros Occidental,Sipalay,6113
Negros Occidental,Talisay,6115
Negros Occidental,Toboso,6125
Negros Occidental,Valladolid,6103
Negros Occidental,Victorias,6119
Negros Oriental,Amlan,6203
Negros Oriental,Ayungon,6210
Negros Oriental,Bacung,6216
Negros Oriental,Bais City,6206
Negros Oriental,Basay,6222
Negros Oriental,Bayawan,6221
Negros Oriental,Bindoy,6209
Negros Oriental,Canlaon City,6223
Negros Oriental,Dauin,6217
Negros Oriental,Dumaguete City,6200
Negros Oriental,Guihulngan,6214
Negros Oriental,Jimalalud,6212
Negros Oriental,La Libertad,6213
Negros Oriental,Mabinay,6207
Negros Oriental,Manjuyod,6208
Negros Oriental,Pamplona,6205
Negros Oriental,San Jose,6202
Negros Oriental,Siaton,6219
Negros Oriental,Sibulan,6201
Negros Oriental,Sta. Catalina,6220
Negros Oriental,Tanjay,6204
Negros Oriental,Tayasan,6211
Negros Oriental,Valencia,6215
Negros Oriental,Valle hermoso,6224
Negros Oriental,Zamboanguita,6218
North Cotabato,Alamada,9413
North Cotabato,Aleosan,9415
North Cotabato,Antipas,9414
North Cotabato,Arakan,9417
North Cotabato,Banisilan,9416
North Cotabato,Carmen,9408
North Cotabato,Kabacan,9407
North Cotabato,Kidapawan,9400
North Cotabato,Libungan,9411
North Cotabato,Magpet,9404
North Cotabato,Makilala,9401
North Cotabato,Matalam,9406
North Cotabato,Midsayap,9410
North Cotabato,M'lang,9402
North Cotabato,Pigkawayan,9412
North Cotabato,Pikit,9409
North Cotabato,Pre. Roxas,9405
North Cotabato,Tulunan,9403
Northern Samar,Allen,6405
Northern Samar,Biri,6410
Northern Samar,Bobon,6401
Northern Samar,Capul,6408
Northern Samar,Catarman,6400
Northern Samar,Catubig,6418
Northern Samar,Gamay,6422
Northern Samar,Las Navas,6420
Northern Samar,Laoang,6411
Northern Samar,Lapineg,6423
Northern Samar,Lavezares,6404
Northern Samar,Lope de Vega,6403
Northern Samar,Mapanas,6412
Northern Samar,Mondragon,6417
Northern Samar,Palapag,6421
Northern Samar,Pambujan,6413
Northern Samar,Rosario,6416
Northern Samar,San Antonio,6407
Northern Samar,San Isidro,6409
Northern Samar,San Jose,6402
Northern Samar,San Roque,6415
Northern Samar,San Vicente,6419
Northern Samar,Silvino Lobos,6414
Northern Samar,Victoria,6406
Nueva Ecija,Aliaga,3111
Nueva Ecija,Bongabon,3128
Nueva Ecija,Cabanatuan City,3100
Nueva Ecija,Cabiao,3107
Nueva Ecija,Carrangalan,3123
Nueva Ecija,Central Luzon State University,3120
Nueva Ecija,Cuyapo,3117
Nueva Ecija,Fort Magsaysay,3130
Nueva Ecija,Gabaldon,3131
Nueva Ecija,Gapan City,3105
Nueva Ecija,Gen. M. Natividad,3125
Nueva Ecija,Gen. Tinio,3104
Nueva Ecija,Guimba,3115
Nueva Ecija,Jaen,3109
Nueva Ecija,Laur,3129
Nueva Ecija,Licab,3112
Nueva Ecija,Llanera,3126
Nueva Ecija,Lupao,3122
Nueva Ecija,Muñoz,3119
Nueva Ecija,Nampicuan,3116
Nueva Ecija,Palayan City,3132
Nueva Ecija,Pantabangan,3124
Nueva Ecija,Peñaranda,3103
Nueva Ecija,Quezon,3113
Nueva Ecija,Rizal,3127
Nueva Ecija,San Antonio,3108
Nueva Ecija,San Isidro,3106
Nueva Ecija,San Jose City,3121
Nueva Ecija,San Leonardo,3102
Nueva Ecija,Sta. Rosa,3101
Nueva Ecija,Sto. Domingo,3133
Nueva Ecija,Talavera,3114
Nueva Ecija,Talugtog,3118
Nueva Ecija,Zaragoza,3110
Nueva Vizcaya,Alfonso Castañeda,3714
Nueva Vizcaya,Ambaguio,3701
Nueva Vizcaya,Aritao,3704
Nueva Vizcaya,Bagabag,3711
Nueva Vizcaya,Bambang,3702
Nueva Vizcaya,Bayombong,3700
Nueva Vizcaya,Diadi,3712
Nueva Vizcaya,Dupax del Norte,3706
Nueva Vizcaya,Dupax del Sur,3707
Nueva Vizcaya,Kasibu,3703
Nueva Vizcaya,Kayapa,3708
Nueva Vizcaya,Quezon,3713
Nueva Vizcaya,Solano,3709
Nueva Vizcaya,Sta. Fe,3705
Nueva Vizcaya,Villaverde,3710
Occidental Mindoro,Abra de Ilog,5108
Occidental Mindoro,Calintaan,5102
Occidental Mindoro,Looc,5111
Occidental Mindoro,Lubang,5109
Occidental Mindoro,Magsaysay,5101
Occidental Mindoro,Mamburao,5106
Occidental Mindoro,Palauan,5107
Occidental Mindoro,Rizal,5103
Occidental Mindoro,Sablayan,5104
Occidental Mindoro,San Jose,5100
Occidental Mindoro,Sta. Cruz,5105
Occidental Mindoro,Tilik,5110
Oriental Mindoro,Baco,5201
Oriental Mindoro,Bansud,5210
Oriental Mindoro,Bongabong,5211
Oriental Mindoro,Bulalacao,5214
Oriental Mindoro,Calapan,5200
Oriental Mindoro,Gloria,5209
Oriental Mindoro,Mansalay,5213
Oriental Mindoro,Naujan,5204
Oriental Mindoro,Pinamalayan,5208
Oriental Mindoro,Pola,5206
Oriental Mindoro,Puerto Galera,5203
Oriental Mindoro,Roxas,5212
Oriental Mindoro,San Teodoro,5202
Oriental Mindoro,Socorro,5207
Oriental Mindoro,Victoria,5205
Palawan,Aborlan,5302
Palawan,Agutaya,5320
Palawan,Araceli,5311
Palawan,Balabac,5307
Palawan,Batazara,5306
Palawan,Brooke's Point,5305
Palawan,Busuanga,5317
Palawan,Cagayancillo,5321
Palawan,Coron,5316
Palawan,Culion,5315
Palawan,Cuyo,5318
Palawan,Dumaran,5310
Palawan,El Nido (Baquit),5313
Palawan,Iwahig Penal Colony,5301
Palawan,Kalayaan,5322
Palawan,Linapacan,5314
Palawan,Magsaysay,5319
Palawan,Narra (Panacan),5303
Palawan,Puerto Princesa City,5300
Palawan,Quezon,5304
Palawan,Roxas,5308
Palawan,Rizal (Marcos),5323
Palawan,San Vicente,5309
Palawan,Sofronio Española,5324
Palawan,Taytay,5312
Pampanga,Angeles City,2009
Pampanga,Apalit,2016
Pampanga,Arayat,2012
Pampanga,Bacolor,2001
Pampanga,Balibago,2024
Pampanga,Basa airbase,2007
Pampanga,Candaba,2013
Pampanga,"CSEZ, Clark",2023
Pampanga,"Dau, Mabalacat",2026
Pampanga,Floridablanca,2006
Pampanga,Guagua,2003
Pampanga,Lubao,2005
Pampanga,Mabalacat,2010
Pampanga,Macabebe,2018
Pampanga,Magalang,2011
Pampanga,Masantol,2017
Pampanga,Mexico,2021
Pampanga,Minalin,2019
Pampanga,Porac,2008
Pampanga,San Fernando,2000
Pampanga,San Luis,2014
Pampanga,San simon,2015
Pampanga,Sexmoan (Sasmuan),2004
Pampanga,Sta. Ana,2022
Pampanga,"Sta. Cruz, Lubao",2025
Pampanga,Sta. Rita,2002
Pampanga,Sto. Tomas,2020
Pangasinan,Agno,2408
Pangasinan,Aguilar,2415
Pangasinan,Alaminos,2404
Pangasinan,Alcala,2425
Pangasinan,Anda,2405
Pangasinan,Asingan,2439
Pangasinan,Balungao,2442
Pangasinan,Bani,2407
Pangasinan,Basista,2422
Pangasinan,Bautista,2424
Pangasinan,Bayambang,2423
Pangasinan,Binalonan,2436
Pangasinan,Binmaley,2417
Pangasinan,Bolinao,2406
Pangasinan,Bugallon,2416
Pangasinan,Burgos,2410
Pangasinan,Calasiao,2418
Pangasinan,Dagupan City,2400
Pangasinan,Dasol,2411
Pangasinan,Infanta,2412
Pangasinan,Labrador,2402
Pangasinan,Laoac,2437
Pangasinan,Lingayen,2401
Pangasinan,Mabini,2409
Pangasinan,Malasiqui,2421
Pangasinan,Manaoag,2430
Pangasinan,Mangaldan,2432
Pangasinan,Mangatarem,2413
Pangasinan,Mapandan,2429
Pangasinan,Natividad,2446
Pangasinan,Pozorrubio,2435
Pangasinan,Rosales,2441
Pangasinan,San Carlos City,2420
Pangasinan,San Fabian,2433
Pangasinan,San Jacinto,2431
Pangasinan,San Manuel,2438
Pangasinan,San Nicolas,2447
Pangasinan,San Quintin,2444
Pangasinan,Sison,2434
Pangasinan,Sta. Barbara,2419
Pangasinan,Sta. Maria,2440
Pangasinan,Sto. Tomas,2426
Pangasinan,Sual,2403
Pangasinan,Tayug,2445
Pangasinan,Umingan,2443
Pangasinan,Urbiztondo,2414
Pangasinan,Urdaneta,2428
Pangasinan,Villasis,2427
Quezon Province,Agdangan,4304
Quezon Province,Alabat,4333
Quezon Province,Atimonan,4331
Quezon Province,Buenavista,4320
Quezon Province,Burdeos,4340
Quezon Province,Calauag,4318
Quezon Province,Candelaria,4323
Quezon Province,Catanauan,4311
Quezon Province,Dolores,4326
Quezon Province,General Luna,4310
Quezon Province,General Nakar,4338
Quezon Province,Guinayangan,4319
Quezon Province,Gumaca,4307
Quezon Province,Hondagua,4317
Quezon Province,Infanta,4336
Quezon Province,Jomalig,4342
Quezon Province,Lopez,4316
Quezon Province,Lucban,4328
Quezon Province,Lucena City,4301
Quezon Province,Macalelon,4309
Quezon Province,Mauban,4330
Quezon Province,Mulanay,4312
Quezon Province,Padre Burgos,4303
Quezon Province,Pagbilao,4302
Quezon Province,Panukulan,4337
Quezon Province,Patnanungan,4341
Quezon Province,Perez,4334
Quezon Province,Pitogo,4308
Quezon Province,Plaridel,4306
Quezon Province,Polilio,4339
Quezon Province,Quezon,4332
Quezon Province,Quezon Capitol,4300
Quezon Province,Real,4335
Quezon Province,Sampaloc,4329
Quezon Province,San Andres,4314
Quezon Province,San Antonio,4324
Quezon Province,San Francisco,4315
Quezon Province,San Narciso,4313
Quezon Province,Sariaya,4322
Quezon Province,Tagkawayan,4321
Quezon Province,Tayabas,4327
Quezon Province,Tiaong,4325
Quezon Province,Unisan,4305
Quirino,Aglipay,3403
Quirino,Cabarroguis,3400
Quirino,Diffun,3401
Quirino,Maddela,3404
Quirino,Nagtipunan,3405
Quirino,Saguday,3402
Rizal Province,Angono,1930
Rizal Province,Antipolo,1870
Rizal Province,Bagong Nayon (Cogeo),1872
Rizal Province,Baras,1970
Rizal Province,Binangonan,1940
Rizal Province,Cainta,1900
Rizal Province,Cardona,1950
Rizal Province,Cupang,1873
Rizal Province,Jala-Jala,1990
Rizal Province,Langhaya,1874
Rizal Province,Mambagat,1875
Rizal Province,Mayamot,1871
Rizal Province,Montalban (Rodriguez),1860
Rizal Province,Morong,1960
Rizal Province,Pilillia,1910
Rizal Province,San Mateo,1850
Rizal Province,Tanay,1980
Rizal Province,Taytay,1920
Rizal Province,Teresa,1880
Romblon,Alcantara,5509
Romblon,Banton (Jones),5515
Romblon,Cajidiocan,5512
Romblon,Calatrava,5503
Romblon,Concepcion,5516
Romblon,Corcuera,5514
Romblon,Ferrol,5506
Romblon,Sta. Maria (formerly Imelda),5502
Romblon,Looc,5507
Romblon,Magdiwang,5511
Romblon,Odiongan,5505
Romblon,Romblon,5500
Romblon,San Agustin,5501
Romblon,San Andres,5504
Romblon,San fernando,5513
Romblon,San Jose,5510
Romblon,Sta. Fe,5508
Samar,Almagro,6724
Samar,Basey,6720
Samar,Calbayog City,6710
Samar,Calbiga,6715
Samar,Catbalogan,6700
Samar,Daram,6722
Samar,Gandara,6706
Samar,Hinabangan,6713
Samar,Jiabong,6701
Samar,Marabut,6721
Samar,Matuguinao,6708
Samar,Motiong,6702
Samar,Pagsanghan,6705
Samar,Pinabacdao,6716
Samar,San Jorge,6707
Samar,San Jose de Buan,6723
Samar,San Sebastian,6714
Samar,Sta. Margarita,6709
Samar,Sta. Rita,6718
Samar,Sto. Niño,6711
Samar,Tagapul-an,6712
Samar,Talalora,6719
Samar,Tarangnan,6704
Samar,Villareal,6717
Samar,Wright,6703
Samar,Zumarraga,6725
Sarangani,Alabel,9501
Sarangani,Glan,9517
Sarangani,Kiamba,9514
Sarangani,Maasim,9502
Sarangani,Maitum,9515
Sarangani,Malapatan,9516
Sarangani,Malungon,9503
Siquijor,Enrique Villanueva,6230
Siquijor,Larena,6226
Siquijor,Lazi,6228
Siquijor,Maria,6229
Siquijor,San Juan,6227
Siquijor,Siquijor,6225
Sorsogon,Bacon,4701
Sorsogon,Barcelona,4712
Sorsogon,Bulan,4706
Sorsogon,Bulusan,4704
Sorsogon,Casiguran,4702
Sorsogon,Castilla,4713
Sorsogon,Donsol,4715
Sorsogon,Gubat,4710
Sorsogon,Irosin,4707
Sorsogon,Juban,4703
Sorsogon,Magallanes,4705
Sorsogon,Matnog,4708
Sorsogon,Pilar,4714
Sorsogon,Prieto Diaz,4711
Sorsogon,Sorsogon,4700
Sorsogon,Sta. Magdalena,4709
South Cotabato,Banga,9511
South Cotabato,General Santos City,9500
South Cotabato,Koronadal,9506
South Cotabato,Lake Sebu,9518
South Cotabato,Norala,9508
South Cotabato,Polomolok,9504
South Cotabato,Sto. Niño,9509
South Cotabato,Surallah,9512
South Cotabato,Tampakan,9507
South Cotabato,Tantangan,9510
South Cotabato,T'boli,9513
South Cotabato,Tupi,9505
Southern Leyte,Anahawan,6610
Southern Leyte,Bontoc,6604
Southern Leyte,Hinunangan,6608
Southern Leyte,Hinundayan,6609
Southern Leyte,Libagon,6615
Southern Leyte,Liloan,6612
Southern Leyte,Limasawa,6618
Southern Leyte,Maasin,6600
Southern Leyte,Macrohon,6601
Southern Leyte,Malitbog,6603
Southern Leyte,Padre Burgos,6602
Southern Leyte,Pintuyan,6614
Southern Leyte,San Francisco,6613
Southern Leyte,San Juan (Cabalian),6611
Southern Leyte,San Ricardo,6617
Southern Leyte,Silago,6607
Southern Leyte,Sogod,6606
Southern Leyte,St. Bernard,6616
Southern Leyte,Tomas Oppus,6605
Sultan Kudarat,Bagumbayan,9810
Sultan Kudarat,Columbio,9801
Sultan Kudarat,Esperanza (Ampatuan),9806
Sultan Kudarat,Isulan,9805
Sultan Kudarat,Kalamansig,9808
Sultan Kudarat,Lebak (Salaman),9807
Sultan Kudarat,Lutayan,9803
Sultan Kudarat,Mariano Marcos,9802
Sultan Kudarat,Palimbang,9809
Sultan Kudarat,Pres. Quirino,9804
Sultan Kudarat,Sen. Ninoy Aquino,9811
Sultan Kudarat,Tacurong,9800
Sulu,Banguingui (formerly Tongkil),7406
Sulu,Hadji Panglima Tahil (formerly Marungas),7413
Sulu,Indanan,7407
Sulu,Jolo,7400
Sulu,Kalingalan Kalauang,7416
Sulu,Lugus,7411
Sulu,Luuk,7404
Sulu,Maimbung,7409
Sulu,Omar,7417
Sulu,Panamao,7402
Sulu,Pandami,7418
Sulu,Panglima Estino,7415
Sulu,Panguntaran,7414
Sulu,Parang,7408
Sulu,Pata,7405
Sulu,Patikul,7401
Sulu,Siasi,7412
Sulu,Talipao,7403
Sulu,Tapul,7410
Surigao del Norte,Alegria,8425
Surigao del Norte,Bacuag,8408
Surigao del Norte,Burgos,8424
Surigao del Norte,Claver,8410
Surigao del Norte,Dapa,8417
Surigao del Norte,Del Carmen,8418
Surigao del Norte,Gen. Luna,8419
Surigao del Norte,Gigaquit,8409
Surigao del Norte,Mainit,8407
Surigao del Norte,Malimono,8402
Surigao del Norte,Pilar,8420
Surigao del Norte,Placer,8405
Surigao del Norte,San Benito,8423
Surigao del Norte,San Francisco,8401
Surigao del Norte,San Isidro,8421
Surigao del Norte,Sison,8404
Surigao del Norte,Socorro,8416
Surigao del Norte,Sta. Monica,8422
Surigao del Norte,Surigao City,8400
Surigao del Norte,Tagana-an,8403
Surigao del Norte,Tubod,8406
Surigao del Sur,Barobo,8309
Surigao del Sur,Bayabas,8303
Surigao del Sur,Bislig,8311
Surigao del Sur,Cagwait,8304
Surigao del Sur,Cantilan,8317
Surigao del Sur,Carmen,8315
Surigao del Sur,Carrascal,8318
Surigao del Sur,Cortez,8313
Surigao del Sur,Hinatuan,8310
Surigao del Sur,Lanuza,8314
Surigao del Sur,Lianga,8307
Surigao del Sur,Lingig,8312
Surigao del Sur,Madrid,8316
Surigao del Sur,Malixi,8319
Surigao del Sur,Marihatag,8306
Surigao del Sur,San Agustin,8305
Surigao del Sur,San Miguel,8301
Surigao del Sur,Tagbina,8308
Surigao del Sur,Tago,8302
Surigao del Sur,Tandag,8300
Tarlac,Anao,2310
Tarlac,Bamban,2317
Tarlac,Camiling,2306
Tarlac,Capas,2315
Tarlac,Concepcion,2316
Tarlac,Gerona,2302
Tarlac,La Paz,2314
Tarlac,Mayantoc,2304
Tarlac,Moncada,2308
Tarlac,Paniqui,2307
Tarlac,Pura,2312
Tarlac,Ramos,2311
Tarlac,San Clemente,2305
Tarlac,San Jose,2318
Tarlac,San Manuel,2309
Tarlac,San Miguel,2301
Tarlac,Sta. Ignacia,2303
Tarlac,Tarlac,2300
Tarlac,Victoria,2313
Tawi-Tawi,Bongao,7500
Tawi-Tawi,Languyan,7509
Tawi-Tawi,Mapun (formerly Cagayan de Sulu),7508
Tawi-Tawi,Panglima Sugala (formerly Balimbing),7501
Tawi-Tawi,Sapa-Sapa,7503
Tawi-Tawi,Sibutu,7510
Tawi-Tawi,Simunul,7505
Tawi-Tawi,Sitangkai,7506
Tawi-Tawi,South Ubian,7504
Tawi-Tawi,Turtle Island (Taganak),7507
Tawi-Tawi,Tandu Bas,7502
Zambales,Botolan,2202
Zambales,Cabangan,2203
Zambales,Candelaria,2212
Zambales,Castillejos,2208
Zambales,Iba,2201
Zambales,Masinloc,2211
Zambales,Olongapo City,2200
Zambales,Palauig,2210
Zambales,San Antonio,2206
Zambales,San Felipe,2204
Zambales,San Marcelino,2207
Zambales,San Narciso,2205
Zambales,Sta. Cruz,2213
Zambales,Subic,2209
Zamboanga del Norte,Leon B. Postigo (Bacungan),7125
Zamboanga del Norte,Liloy,7115
Zamboanga del Norte,Manukan,7110
Zamboanga del Norte,Mutia,7107
Zamboanga del Norte,Pinan,7105
Zamboanga del Norte,Polanco,7106
Zamboanga del Norte,Rizal,7104
Zamboanga del Norte,Roxas,7102
Zamboanga del Norte,Salug,7114
Zamboanga del Norte,Sergio Osmeña,7108
Zamboanga del Norte,Siayan,7113
Zamboanga del Norte,Sibuco,7122
Zamboanga del Norte,Sibutad,7103
Zamboanga del Norte,Sindangan,7112
Zamboanga del Norte,Siocon,7120
Zamboanga del Norte,Siraway,7121
Zamboanga del Norte,Tampilisan,7116
Zamboanga del Sur,Aurora,7020
Zamboanga del Sur,Bayog,7011
Zamboanga del Sur,Dimataling,7032
Zamboanga del Sur,Dinas,7030
Zamboanga del Sur,Don Mariano Marcos,7022
Zamboanga del Sur,Dumalinao,7015
Zamboanga del Sur,Dumingag,7028
Zamboanga del Sur,Guipos,7042
Zamboanga del Sur,Josefina,7027
Zamboanga del Sur,Kumalarang,7013
Zamboanga del Sur,Labangan,7017
Zamboanga del Sur,Lakewood,7014
Zamboanga del Sur,Lapuyan,7037
Zamboanga del Sur,Mahayag,7026
Zamboanga del Sur,Margo sa Tubig,7035
Zamboanga del Sur,Midsalip,7021
Zamboanga del Sur,Molave,7023
Zamboanga del Sur,Pagadian City,7016
Zamboanga del Sur,Pitogo,7033
Zamboanga del Sur,Ramon Magsaysay,7024
Zamboanga del Sur,San Miguel,7029
Zamboanga del Sur,San Pablo,7031
Zamboanga del Sur,Tabina,7034
Zamboanga del Sur,Tambulig,7025
Zamboanga del Sur,Tigbao,7043
Zamboanga del Sur,Tukuran,7019
Zamboanga del Sur,Vicencio Sagun,7036
Zamboanga del Sur,Zamboanga City,7000
Zamboanga Sibugay,Alicia,7040
Zamboanga Sibugay,Buug,7009
Zamboanga Sibugay,Diplahan,7039
Zamboanga Sibugay,Imelda,7007
Zamboanga Sibugay,Ipil,7001
Zamboanga Sibugay,Kabasalan,7005
Zamboanga Sibugay,Mabuhay,7010
Zamboanga Sibugay,Malangas,7038
Zamboanga Sibugay,Naga,7004
Zamboanga Sibugay,Olutanga,7041
Zamboanga Sibugay,Payao,7008
Zamboanga Sibugay,Roseller Lim,7002
Zamboanga Sibugay,Siay,7006
Zamboanga Sibugay,Talusan,7012
Zamboanga Sibugay,Titay,7003
Zamboanga Sibugay,Tungawan,7018
